Player ID,First Name,Last Name,Grade,Graduation Year,Parent Email,Parent Phone,Headshot URL
2036-001,Ava,Smith,3rd,2036,parent1@example.com,405-555-1000,
2036-002,Emma,Anderson,3rd,2036,parent2@example.com,405-555-1001,
2036-003,Olivia,Walker,3rd,2036,parent3@example.com,405-555-1002,
2036-004,Sophia,Green,3rd,2036,parent4@example.com,405-555-1003,
2036-005,Mia,Roberts,3rd,2036,parent5@example.com,405-555-1004,
2036-006,Harper,Moore,3rd,2036,parent6@example.com,405-555-1005,
2036-007,Ella,Clark,3rd,2036,parent7@example.com,405-555-1006,
2036-008,Grace,Wright,3rd,2036,parent8@example.com,405-555-1007,
2036-009,Lily,Mitchell,3rd,2036,parent9@example.com,405-555-1008,
2036-010,Riley,Davis,3rd,2036,parent10@example.com,405-555-1009,
2036-011,Kennedy,Harris,3rd,2036,parent11@example.com,405-555-1010,
2036-012,Avery,Allen,3rd,2036,parent12@example.com,405-555-1011,
2036-013,Brooklyn,Nelson,3rd,2036,parent13@example.com,405-555-1012,
2036-014,Addison,Johnson,3rd,2036,parent14@example.com,405-555-1013,
2036-015,Claire,Thomas,3rd,2036,parent15@example.com,405-555-1014,
2036-016,Natalie,Young,3rd,2036,parent16@example.com,405-555-1015,
2036-017,Lucy,Baker,3rd,2036,parent17@example.com,405-555-1016,
2036-018,Zoey,Turner,3rd,2036,parent18@example.com,405-555-1017,
2036-019,Piper,Taylor,3rd,2036,parent19@example.com,405-555-1018,
2036-020,Audrey,Lewis,3rd,2036,parent20@example.com,405-555-1019,
2036-021,Caroline,Scott,3rd,2036,parent21@example.com,405-555-1020,
2036-022,Madeline,Perez,3rd,2036,parent22@example.com,405-555-1021,
2036-023,Quinn,Wilson,3rd,2036,parent23@example.com,405-555-1022,
2036-024,Reagan,Martin,3rd,2036,parent24@example.com,405-555-1023,
2036-025,Sydney,King,3rd,2036,parent25@example.com,405-555-1024,
2036-026,Paige,Carter,3rd,2036,parent26@example.com,405-555-1025,
2036-027,Morgan,Brown,3rd,2036,parent27@example.com,405-555-1026,
2036-028,Lauren,Jackson,3rd,2036,parent28@example.com,405-555-1027,
2036-029,Jenna,Hall,3rd,2036,parent29@example.com,405-555-1028,
2036-030,Kendall,Adams,3rd,2036,parent30@example.com,405-555-1029,
2035-031,Ava,Davis,4th,2035,parent31@example.com,405-555-1030,
2035-032,Emma,Harris,4th,2035,parent32@example.com,405-555-1031,
2035-033,Olivia,Allen,4th,2035,parent33@example.com,405-555-1032,
2035-034,Sophia,Nelson,4th,2035,parent34@example.com,405-555-1033,
2035-035,Mia,Johnson,4th,2035,parent35@example.com,405-555-1034,
2035-036,Harper,Thomas,4th,2035,parent36@example.com,405-555-1035,
2035-037,Ella,Young,4th,2035,parent37@example.com,405-555-1036,
2035-038,Grace,Baker,4th,2035,parent38@example.com,405-555-1037,
2035-039,Lily,Turner,4th,2035,parent39@example.com,405-555-1038,
2035-040,Riley,Taylor,4th,2035,parent40@example.com,405-555-1039,
2035-041,Kennedy,Lewis,4th,2035,parent41@example.com,405-555-1040,
2035-042,Avery,Scott,4th,2035,parent42@example.com,405-555-1041,
2035-043,Brooklyn,Perez,4th,2035,parent43@example.com,405-555-1042,
2035-044,Addison,Wilson,4th,2035,parent44@example.com,405-555-1043,
2035-045,Claire,Martin,4th,2035,parent45@example.com,405-555-1044,
2035-046,Natalie,King,4th,2035,parent46@example.com,405-555-1045,
2035-047,Lucy,Carter,4th,2035,parent47@example.com,405-555-1046,
2035-048,Zoey,Brown,4th,2035,parent48@example.com,405-555-1047,
2035-049,Piper,Jackson,4th,2035,parent49@example.com,405-555-1048,
2035-050,Audrey,Hall,4th,2035,parent50@example.com,405-555-1049,
2035-051,Caroline,Adams,4th,2035,parent51@example.com,405-555-1050,
2035-052,Madeline,Smith,4th,2035,parent52@example.com,405-555-1051,
2035-053,Quinn,Anderson,4th,2035,parent53@example.com,405-555-1052,
2035-054,Reagan,Walker,4th,2035,parent54@example.com,405-555-1053,
2035-055,Sydney,Green,4th,2035,parent55@example.com,405-555-1054,
2035-056,Paige,Roberts,4th,2035,parent56@example.com,405-555-1055,
2035-057,Morgan,Moore,4th,2035,parent57@example.com,405-555-1056,
2035-058,Lauren,Clark,4th,2035,parent58@example.com,405-555-1057,
2035-059,Jenna,Wright,4th,2035,parent59@example.com,405-555-1058,
2035-060,Kendall,Mitchell,4th,2035,parent60@example.com,405-555-1059,
2034-061,Ava,Taylor,5th,2034,parent61@example.com,405-555-1060,
2034-062,Emma,Lewis,5th,2034,parent62@example.com,405-555-1061,
2034-063,Olivia,Scott,5th,2034,parent63@example.com,405-555-1062,
2034-064,Sophia,Perez,5th,2034,parent64@example.com,405-555-1063,
2034-065,Mia,Wilson,5th,2034,parent65@example.com,405-555-1064,
2034-066,Harper,Martin,5th,2034,parent66@example.com,405-555-1065,
2034-067,Ella,King,5th,2034,parent67@example.com,405-555-1066,
2034-068,Grace,Carter,5th,2034,parent68@example.com,405-555-1067,
2034-069,Lily,Brown,5th,2034,parent69@example.com,405-555-1068,
2034-070,Riley,Jackson,5th,2034,parent70@example.com,405-555-1069,
2034-071,Kennedy,Hall,5th,2034,parent71@example.com,405-555-1070,
2034-072,Avery,Adams,5th,2034,parent72@example.com,405-555-1071,
2034-073,Brooklyn,Smith,5th,2034,parent73@example.com,405-555-1072,
2034-074,Addison,Anderson,5th,2034,parent74@example.com,405-555-1073,
2034-075,Claire,Walker,5th,2034,parent75@example.com,405-555-1074,
2034-076,Natalie,Green,5th,2034,parent76@example.com,405-555-1075,
2034-077,Lucy,Roberts,5th,2034,parent77@example.com,405-555-1076,
2034-078,Zoey,Moore,5th,2034,parent78@example.com,405-555-1077,
2034-079,Piper,Clark,5th,2034,parent79@example.com,405-555-1078,
2034-080,Audrey,Wright,5th,2034,parent80@example.com,405-555-1079,
2034-081,Caroline,Mitchell,5th,2034,parent81@example.com,405-555-1080,
2034-082,Madeline,Davis,5th,2034,parent82@example.com,405-555-1081,
2034-083,Quinn,Harris,5th,2034,parent83@example.com,405-555-1082,
2034-084,Reagan,Allen,5th,2034,parent84@example.com,405-555-1083,
2034-085,Sydney,Nelson,5th,2034,parent85@example.com,405-555-1084,
2034-086,Paige,Johnson,5th,2034,parent86@example.com,405-555-1085,
2034-087,Morgan,Thomas,5th,2034,parent87@example.com,405-555-1086,
2034-088,Lauren,Young,5th,2034,parent88@example.com,405-555-1087,
2034-089,Jenna,Baker,5th,2034,parent89@example.com,405-555-1088,
2034-090,Kendall,Turner,5th,2034,parent90@example.com,405-555-1089,
2033-091,Ava,Jackson,6th,2033,parent91@example.com,405-555-1090,
2033-092,Emma,Hall,6th,2033,parent92@example.com,405-555-1091,
2033-093,Olivia,Adams,6th,2033,parent93@example.com,405-555-1092,
2033-094,Sophia,Smith,6th,2033,parent94@example.com,405-555-1093,
2033-095,Mia,Anderson,6th,2033,parent95@example.com,405-555-1094,
2033-096,Harper,Walker,6th,2033,parent96@example.com,405-555-1095,
2033-097,Ella,Green,6th,2033,parent97@example.com,405-555-1096,
2033-098,Grace,Roberts,6th,2033,parent98@example.com,405-555-1097,
2033-099,Lily,Moore,6th,2033,parent99@example.com,405-555-1098,
2033-100,Riley,Clark,6th,2033,parent100@example.com,405-555-1099,
2033-101,Kennedy,Wright,6th,2033,parent101@example.com,405-555-1100,
2033-102,Avery,Mitchell,6th,2033,parent102@example.com,405-555-1101,
2033-103,Brooklyn,Davis,6th,2033,parent103@example.com,405-555-1102,
2033-104,Addison,Harris,6th,2033,parent104@example.com,405-555-1103,
2033-105,Claire,Allen,6th,2033,parent105@example.com,405-555-1104,
2033-106,Natalie,Nelson,6th,2033,parent106@example.com,405-555-1105,
2033-107,Lucy,Johnson,6th,2033,parent107@example.com,405-555-1106,
2033-108,Zoey,Thomas,6th,2033,parent108@example.com,405-555-1107,
2033-109,Piper,Young,6th,2033,parent109@example.com,405-555-1108,
2033-110,Audrey,Baker,6th,2033,parent110@example.com,405-555-1109,
2033-111,Caroline,Turner,6th,2033,parent111@example.com,405-555-1110,
2033-112,Madeline,Taylor,6th,2033,parent112@example.com,405-555-1111,
2033-113,Quinn,Lewis,6th,2033,parent113@example.com,405-555-1112,
2033-114,Reagan,Scott,6th,2033,parent114@example.com,405-555-1113,
2033-115,Sydney,Perez,6th,2033,parent115@example.com,405-555-1114,
2033-116,Paige,Wilson,6th,2033,parent116@example.com,405-555-1115,
2033-117,Morgan,Martin,6th,2033,parent117@example.com,405-555-1116,
2033-118,Lauren,King,6th,2033,parent118@example.com,405-555-1117,
2033-119,Jenna,Carter,6th,2033,parent119@example.com,405-555-1118,
2033-120,Kendall,Brown,6th,2033,parent120@example.com,405-555-1119,
2032-121,Ava,Clark,7th,2032,parent121@example.com,405-555-1120,
2032-122,Emma,Wright,7th,2032,parent122@example.com,405-555-1121,
2032-123,Olivia,Mitchell,7th,2032,parent123@example.com,405-555-1122,
2032-124,Sophia,Davis,7th,2032,parent124@example.com,405-555-1123,
2032-125,Mia,Harris,7th,2032,parent125@example.com,405-555-1124,
2032-126,Harper,Allen,7th,2032,parent126@example.com,405-555-1125,
2032-127,Ella,Nelson,7th,2032,parent127@example.com,405-555-1126,
2032-128,Grace,Johnson,7th,2032,parent128@example.com,405-555-1127,
2032-129,Lily,Thomas,7th,2032,parent129@example.com,405-555-1128,
2032-130,Riley,Young,7th,2032,parent130@example.com,405-555-1129,
2032-131,Kennedy,Baker,7th,2032,parent131@example.com,405-555-1130,
2032-132,Avery,Turner,7th,2032,parent132@example.com,405-555-1131,
2032-133,Brooklyn,Taylor,7th,2032,parent133@example.com,405-555-1132,
2032-134,Addison,Lewis,7th,2032,parent134@example.com,405-555-1133,
2032-135,Claire,Scott,7th,2032,parent135@example.com,405-555-1134,
2032-136,Natalie,Perez,7th,2032,parent136@example.com,405-555-1135,
2032-137,Lucy,Wilson,7th,2032,parent137@example.com,405-555-1136,
2032-138,Zoey,Martin,7th,2032,parent138@example.com,405-555-1137,
2032-139,Piper,King,7th,2032,parent139@example.com,405-555-1138,
2032-140,Audrey,Carter,7th,2032,parent140@example.com,405-555-1139,
2032-141,Caroline,Brown,7th,2032,parent141@example.com,405-555-1140,
2032-142,Madeline,Jackson,7th,2032,parent142@example.com,405-555-1141,
2032-143,Quinn,Hall,7th,2032,parent143@example.com,405-555-1142,
2032-144,Reagan,Adams,7th,2032,parent144@example.com,405-555-1143,
2032-145,Sydney,Smith,7th,2032,parent145@example.com,405-555-1144,
2032-146,Paige,Anderson,7th,2032,parent146@example.com,405-555-1145,
2032-147,Morgan,Walker,7th,2032,parent147@example.com,405-555-1146,
2032-148,Lauren,Green,7th,2032,parent148@example.com,405-555-1147,
2032-149,Jenna,Roberts,7th,2032,parent149@example.com,405-555-1148,
2032-150,Kendall,Moore,7th,2032,parent150@example.com,405-555-1149,
